Workbook

Sheet MATERIALES
A1: ID_MATERIAL | B1: CODIGO | C1: DESCRIPCION_CORTA | D1: DESCRIPCION_LARGA | E1: UNIDAD | F1: LONGITUD | G1: PRECIO_UNITARIO | H1: STOCK_MINIMO | I1: ACTIVO
A2: 1 | B2: 1795213 | C2: TUBERIA PEAD 4" | D2: TUBERIA PEAD 4" ROLLO 52.12 M | E2: ROLLO | F2: 52.12 | G2: 453960 | H2: 0 | I2: SI
A3: 2 | B3: 1795393 | C3: TUBERIA PEAD 6" | D3: TUBERIA PEAD 6" ROLLO 52.12 M | E3: ROLLO | F3: 52.12 | G3: 1044985 | H3: 0 | I3: SI
A4: 3 | B4: 1795573 | C4: TRAMO TUBERIA PEAD 4" | D4: TUBERIA PEAD 4" TRAMO 5.79 | E4: PZA | F4: 5.79 | G4: 50440 | H4: 0 | I4: SI
A5: 4 | B5: 1795675 | C5: TRAMO TUBERIA PEAD 6" | D5: TUBERIA PEAD 6" TRAMO 5.79 | E5: PZA | F5: 5.79 | G5: 111665 | H5: 0 | I5: SI
A6: 5 | B6: 1795676 | C6: TUBERIA PEAD 8" | D6: TUBERIA PEAD 8" TRAMO 6M | E6: PZA | F6: 6 | G6: 218700 | H6: 0 | I6: SI
A7: 6 | B7: 1795677 | C7: TUBERIAPEAD 12" | D7: TUBERIA PEAD 12" | E7: PZA | F7: 6 | G7: 467470 | H7: 0 | I7: SI
A8: 7 | B8: 1795773 | C8: UNION SPLIT 4" | D8: UNION SPLIT 4" TUBERIA CORRUGADA | E8: PZA | F8: 1 | G8: 5080 | H8: 0 | I8: SI
A9: 8 | B9: 1795780 | C9: UNION SPLIT 6" | D9: UNION SPLIT 6" TUBERIA CORRUGADA | E9: PZA | F9: 1 | G9: 10981 | H9: 0 | I9: SI
A10: 9 | B10: 1795781 | C10: UNION SPLIT 12" | D10: UNION SPLIT 12" TUBERIA CORRUGADA | E10: PZA | F10: 1 | G10: 40792 | H10: 0 | I10: SI
A11: 10 | B11: 1795782 | C11: TAPON PEAD 4" | D11: TAPON PEAD 4" TUBERIA CORRUGADA | E11: PZA | F11: 1 | G11: 7016 | H11: 0 | I11: SI
A12: 11 | B12: 1795783 | C12: TAPON PEAD 6" | D12: TAPON PEAD 6" TUBERIA CORRUGADA | E12: PZA | F12: 1 | G12: 9638 | H12: 0 | I12: SI
A13: 12 | B13: 1795794 | C13: YEE PEAD 4" | D13: YEE PEAD 4" TUBERIA CORRUGADA | E13: PZA | F13: 1 | G13: 29958 | H13: 0 | I13: SI
... A27: 26 | B27: 1798982 | C27: SEMICODO 45° 8" TUBERIA PEAD | D27: SEMICODO 45° 8" TUBERIA PEAD CORRUGADA | E27: PZA | F27: 1 | G27: 58124 | H27: 0 | I27: SI

Sheet HACIENDAS
A1: CODIGO_HACIENDA | B1: NOMBRE_HACIENDA | C1: PROVEEDOR | D1: ACTIVO
A2: 080098 | B2: HACIENDAS SIN SUERTES | C2: 8000000585 | D2: SI
A3: 080100 | B3: LA PERLA EMPRESA | C3: 8000000585 | D3: SI
A4: 080101 | B4: PROVIDENCIA | C4: 8000000585 | D4: SI
A5: 080102 | B5: LA PAZ | C5: 8000000585 | D5: SI
A6: 080103 | B6: LA AURORA | C6: 8000000585 | D6: SI
A7: 080104 | B7: SAMARIA | C7: 8000000585 | D7: SI
A8: 080105 | B8: EL ALIZAL | C8: 8000000585 | D8: SI
A9: 080106 | B9: SAN JERONIMO | C9: 8000000585 | D9: SI
A10: 080107 | B10: CAPRI | C10: 8000000585 | D10: SI
A11: 080108 | B11: BETANIA | C11: 8000000585 | D11: SI
A12: 080109 | B12: GALICIA | C12: 8000000585 | D12: SI
... A487: 082569 | B487: PASOANCHO 4 | C487: 8000001990 | D487: SI

Sheet USUARIOS
A1: ID_USUARIO | B1: NOMBRE | C1: ROL | D1: ACTIVO
A2: 1 | B2: Administrador | C2: ADMINISTRADOR | D2: SI

Sheet ENTRADAS
A1: ID_ENTRADA | B1: FECHA | C1: CODIGO_MATERIAL | D1: CANTIDAD | E1: PRECIO_UNITARIO | F1: PROVEEDOR | G1: SOLPED | H1: LOTE | I1: VENCIMIENTO | J1: USUARIO | K1: OBSERVACION
A2: 1 | B2: 46267 | C2: 1795213 | D2: 10 | E2: 1 | F2: 1 | G2: 50102611111 | H2: 1 | I2: NA | J2: JDVG

Sheet CONSUMOS
A1: ID_CONSUMO | B1: FECHA | C1: CODIGO_MATERIAL | D1: CANTIDAD | E1: CODIGO_HACIENDA | F1: SUERTE | G1: ZONA | H1: TIPO_USO | I1: SOLPED | J1: RESPONSABLE | K1: USUARIO | L1: OBSERVACION
A2: 1 | B2: 46267 | C2: 1795213 | D2: 3 | E2: 080123 | F2: 2 | G2: CN | H2: DREN 1 | I2: 5010261111 | J2: CAGV | K2: Administrador

Sheet AJUSTES
A1: ID_AJUSTE | B1: FECHA | C1: CODIGO_MATERIAL | D1: TIPO | E1: CANTIDAD | F1: MOTIVO | G1: USUARIO | H1: OBSERVACION
A2: 1 | B2: 46267 | C2: 1795213 | D2: ENTRADA | E2: 2 | F2: FALTO MATERIAL | G2: Administrador

Sheet INVENTARIO
A1: CODIGO_MATERIAL | B1: DESCRIPCION | C1: UNIDAD | D1: ENTRADAS | E1: CONSUMOS | F1: AJUSTES | G1: STOCK | H1: STOCK_MINIMO | I1: ESTADO | J1: VALOR_STOCK
A2: 1795213 | B2: =IFERROR(VLOOKUP(A2,MATERIALES!$B:$I,2,FALSE),"") -> TUBERIA PEAD 4" | C2: ROLLO | D2: =SUMIF(ENTRADAS!$C:$C,A2,ENTRADAS!$D:$D) -> 10 | E2: =SUMIF(CONSUMOS!$C:$C,A2,CONSUMOS!$D:$D) -> 3 | F2: =SUMIFS(AJUSTES!$E:$E,AJUSTES!$C:$C,A2,AJUSTES!$D:$D,"ENTRADA")-SUMIFS(AJUSTES!$E:$E,AJUSTES!$C:$C,A2,AJUSTES!$D:$D,"SALIDA") -> 2 | G2: =D2-E2+F2 -> 9 | H2: =IFERROR(VLOOKUP(A2,MATERIALES!$B:$I,7,FALSE),0) -> 0 | I2: =IF(G2<=0,"AGOTADO",IF(G2<=H2,"STOCK BAJO","OK")) -> OK | J2: =G2*IFERROR(VLOOKUP(A2,MATERIALES!$B:$G,6,FALSE),0) -> 4085640
A3: 1795393 | B3: =IFERROR(VLOOKUP(A3,MATERIALES!$B:$I,2,FALSE),"") -> TUBERIA PEAD 6" | C3: ROLLO | D3: =SUMIF(ENTRADAS!$C:$C,A3,ENTRADAS!$D:$D) -> 0 | E3: =SUMIF(CONSUMOS!$C:$C,A3,CONSUMOS!$D:$D) -> 0 | F3: =SUMIFS(AJUSTES!$E:$E,AJUSTES!$C:$C,A3,AJUSTES!$D:$D,"ENTRADA")-SUMIFS(AJUSTES!$E:$E,AJUSTES!$C:$C,A3,AJUSTES!$D:$D,"SALIDA") -> 0 | G3: =D3-E3+F3 -> 0 | H3: =IFERROR(VLOOKUP(A3,MATERIALES!$B:$I,7,FALSE),0) -> 0 | I3: =IF(G3<=0,"AGOTADO",IF(G3<=H3,"STOCK BAJO","OK")) -> AGOTADO | J3: =G3*IFERROR(VLOOKUP(A3,MATERIALES!$B:$G,6,FALSE),0) -> 0
A4: 1795573 | B4: =IFERROR(VLOOKUP(A4,MATERIALES!$B:$I,2,FALSE),"") -> TRAMO TUBERIA PEAD 4" | C4: PZA | D4: =SUMIF(ENTRADAS!$C:$C,A4,ENTRADAS!$D:$D) -> 0 | E4: =SUMIF(CONSUMOS!$C:$C,A4,CONSUMOS!$D:$D) -> 0 | F4: =SUMIFS(AJUSTES!$E:$E,AJUSTES!$C:$C,A4,AJUSTES!$D:$D,"ENTRADA")-SUMIFS(AJUSTES!$E:$E,AJUSTES!$C:$C,A4,AJUSTES!$D:$D,"SALIDA") -> 0 | G4: =D4-E4+F4 -> 0 | H4: =IFERROR(VLOOKUP(A4,MATERIALES!$B:$I,7,FALSE),0) -> 0 | I4: =IF(G4<=0,"AGOTADO",IF(G4<=H4,"STOCK BAJO","OK")) -> AGOTADO | J4: =G4*IFERROR(VLOOKUP(A4,MATERIALES!$B:$G,6,FALSE),0) -> 0
A5: 1795675 | B5: =IFERROR(VLOOKUP(A5,MATERIALES!$B:$I,2,FALSE),"") -> TRAMO TUBERIA PEAD 6" | C5: PZA | D5: =SUMIF(ENTRADAS!$C:$C,A5,ENTRADAS!$D:$D) -> 0 | E5: =SUMIF(CONSUMOS!$C:$C,A5,CONSUMOS!$D:$D) -> 0 | F5: =SUMIFS(AJUSTES!$E:$E,AJUSTES!$C:$C,A5,AJUSTES!$D:$D,"ENTRADA")-SUMIFS(AJUSTES!$E:$E,AJUSTES!$C:$C,A5,AJUSTES!$D:$D,"SALIDA") -> 0 | G5: =D5-E5+F5 -> 0 | H5: =IFERROR(VLOOKUP(A5,MATERIALES!$B:$I,7,FALSE),0) -> 0 | I5: =IF(G5<=0,"AGOTADO",IF(G5<=H5,"STOCK BAJO","OK")) -> AGOTADO | J5: =G5*IFERROR(VLOOKUP(A5,MATERIALES!$B:$G,6,FALSE),0) -> 0
A6: 1795676 | B6: =IFERROR(VLOOKUP(A6,MATERIALES!$B:$I,2,FALSE),"") -> TUBERIA PEAD 8" | C6: PZA | D6: =SUMIF(ENTRADAS!$C:$C,A6,ENTRADAS!$D:$D) -> 0 | E6: =SUMIF(CONSUMOS!$C:$C,A6,CONSUMOS!$D:$D) -> 0 | F6: =SUMIFS(AJUSTES!$E:$E,AJUSTES!$C:$C,A6,AJUSTES!$D:$D,"ENTRADA")-SUMIFS(AJUSTES!$E:$E,AJUSTES!$C:$C,A6,AJUSTES!$D:$D,"SALIDA") -> 0 | G6: =D6-E6+F6 -> 0 | H6: =IFERROR(VLOOKUP(A6,MATERIALES!$B:$I,7,FALSE),0) -> 0 | I6: =IF(G6<=0,"AGOTADO",IF(G6<=H6,"STOCK BAJO","OK")) -> AGOTADO | J6: =G6*IFERROR(VLOOKUP(A6,MATERIALES!$B:$G,6,FALSE),0) -> 0
A7: 1795677 | B7: =IFERROR(VLOOKUP(A7,MATERIALES!$B:$I,2,FALSE),"") -> TUBERIAPEAD 12" | C7: PZA | D7: =SUMIF(ENTRADAS!$C:$C,A7,ENTRADAS!$D:$D) -> 0 | E7: =SUMIF(CONSUMOS!$C:$C,A7,CONSUMOS!$D:$D) -> 0 | F7: =SUMIFS(AJUSTES!$E:$E,AJUSTES!$C:$C,A7,AJUSTES!$D:$D,"ENTRADA")-SUMIFS(AJUSTES!$E:$E,AJUSTES!$C:$C,A7,AJUSTES!$D:$D,"SALIDA") -> 0 | G7: =D7-E7+F7 -> 0 | H7: =IFERROR(VLOOKUP(A7,MATERIALES!$B:$I,7,FALSE),0) -> 0 | I7: =IF(G7<=0,"AGOTADO",IF(G7<=H7,"STOCK BAJO","OK")) -> AGOTADO | J7: =G7*IFERROR(VLOOKUP(A7,MATERIALES!$B:$G,6,FALSE),0) -> 0
A8: 1795773 | B8: =IFERROR(VLOOKUP(A8,MATERIALES!$B:$I,2,FALSE),"") -> UNION SPLIT 4" | C8: PZA | D8: =SUMIF(ENTRADAS!$C:$C,A8,ENTRADAS!$D:$D) -> 0 | E8: =SUMIF(CONSUMOS!$C:$C,A8,CONSUMOS!$D:$D) -> 0 | F8: =SUMIFS(AJUSTES!$E:$E,AJUSTES!$C:$C,A8,AJUSTES!$D:$D,"ENTRADA")-SUMIFS(AJUSTES!$E:$E,AJUSTES!$C:$C,A8,AJUSTES!$D:$D,"SALIDA") -> 0 | G8: =D8-E8+F8 -> 0 | H8: =IFERROR(VLOOKUP(A8,MATERIALES!$B:$I,7,FALSE),0) -> 0 | I8: =IF(G8<=0,"AGOTADO",IF(G8<=H8,"STOCK BAJO","OK")) -> AGOTADO | J8: =G8*IFERROR(VLOOKUP(A8,MATERIALES!$B:$G,6,FALSE),0) -> 0
A9: 1795780 | B9: =IFERROR(VLOOKUP(A9,MATERIALES!$B:$I,2,FALSE),"") -> UNION SPLIT 6" | C9: PZA | D9: =SUMIF(ENTRADAS!$C:$C,A9,ENTRADAS!$D:$D) -> 0 | E9: =SUMIF(CONSUMOS!$C:$C,A9,CONSUMOS!$D:$D) -> 0 | F9: =SUMIFS(AJUSTES!$E:$E,AJUSTES!$C:$C,A9,AJUSTES!$D:$D,"ENTRADA")-SUMIFS(AJUSTES!$E:$E,AJUSTES!$C:$C,A9,AJUSTES!$D:$D,"SALIDA") -> 0 | G9: =D9-E9+F9 -> 0 | H9: =IFERROR(VLOOKUP(A9,MATERIALES!$B:$I,7,FALSE),0) -> 0 | I9: =IF(G9<=0,"AGOTADO",IF(G9<=H9,"STOCK BAJO","OK")) -> AGOTADO | J9: =G9*IFERROR(VLOOKUP(A9,MATERIALES!$B:$G,6,FALSE),0) -> 0
A10: 1795781 | B10: =IFERROR(VLOOKUP(A10,MATERIALES!$B:$I,2,FALSE),"") -> UNION SPLIT 12" | C10: PZA | D10: =SUMIF(ENTRADAS!$C:$C,A10,ENTRADAS!$D:$D) -> 0 | E10: =SUMIF(CONSUMOS!$C:$C,A10,CONSUMOS!$D:$D) -> 0 | F10: =SUMIFS(AJUSTES!$E:$E,AJUSTES!$C:$C,A10,AJUSTES!$D:$D,"ENTRADA")-SUMIFS(AJUSTES!$E:$E,AJUSTES!$C:$C,A10,AJUSTES!$D:$D,"SALIDA") -> 0 | G10: =D10-E10+F10 -> 0 | H10: =IFERROR(VLOOKUP(A10,MATERIALES!$B:$I,7,FALSE),0) -> 0 | I10: =IF(G10<=0,"AGOTADO",IF(G10<=H10,"STOCK BAJO","OK")) -> AGOTADO | J10: =G10*IFERROR(VLOOKUP(A10,MATERIALES!$B:$G,6,FALSE),0) -> 0
A11: 1795782 | B11: =IFERROR(VLOOKUP(A11,MATERIALES!$B:$I,2,FALSE),"") -> TAPON PEAD 4" | C11: PZA | D11: =SUMIF(ENTRADAS!$C:$C,A11,ENTRADAS!$D:$D) -> 0 | E11: =SUMIF(CONSUMOS!$C:$C,A11,CONSUMOS!$D:$D) -> 0 | F11: =SUMIFS(AJUSTES!$E:$E,AJUSTES!$C:$C,A11,AJUSTES!$D:$D,"ENTRADA")-SUMIFS(AJUSTES!$E:$E,AJUSTES!$C:$C,A11,AJUSTES!$D:$D,"SALIDA") -> 0 | G11: =D11-E11+F11 -> 0 | H11: =IFERROR(VLOOKUP(A11,MATERIALES!$B:$I,7,FALSE),0) -> 0 | I11: =IF(G11<=0,"AGOTADO",IF(G11<=H11,"STOCK BAJO","OK")) -> AGOTADO | J11: =G11*IFERROR(VLOOKUP(A11,MATERIALES!$B:$G,6,FALSE),0) -> 0
A12: 1795783 | B12: =IFERROR(VLOOKUP(A12,MATERIALES!$B:$I,2,FALSE),"") -> TAPON PEAD 6" | C12: PZA | D12: =SUMIF(ENTRADAS!$C:$C,A12,ENTRADAS!$D:$D) -> 0 | E12: =SUMIF(CONSUMOS!$C:$C,A12,CONSUMOS!$D:$D) -> 0 | F12: =SUMIFS(AJUSTES!$E:$E,AJUSTES!$C:$C,A12,AJUSTES!$D:$D,"ENTRADA")-SUMIFS(AJUSTES!$E:$E,AJUSTES!$C:$C,A12,AJUSTES!$D:$D,"SALIDA") -> 0 | G12: =D12-E12+F12 -> 0 | H12: =IFERROR(VLOOKUP(A12,MATERIALES!$B:$I,7,FALSE),0) -> 0 | I12: =IF(G12<=0,"AGOTADO",IF(G12<=H12,"STOCK BAJO","OK")) -> AGOTADO | J12: =G12*IFERROR(VLOOKUP(A12,MATERIALES!$B:$G,6,FALSE),0) -> 0
A13: 1795794 | B13: =IFERROR(VLOOKUP(A13,MATERIALES!$B:$I,2,FALSE),"") -> YEE PEAD 4" | C13: PZA | D13: =SUMIF(ENTRADAS!$C:$C,A13,ENTRADAS!$D:$D) -> 0 | E13: =SUMIF(CONSUMOS!$C:$C,A13,CONSUMOS!$D:$D) -> 0 | F13: =SUMIFS(AJUSTES!$E:$E,AJUSTES!$C:$C,A13,AJUSTES!$D:$D,"ENTRADA")-SUMIFS(AJUSTES!$E:$E,AJUSTES!$C:$C,A13,AJUSTES!$D:$D,"SALIDA") -> 0 | G13: =D13-E13+F13 -> 0 | H13: =IFERROR(VLOOKUP(A13,MATERIALES!$B:$I,7,FALSE),0) -> 0 | I13: =IF(G13<=0,"AGOTADO",IF(G13<=H13,"STOCK BAJO","OK")) -> AGOTADO | J13: =G13*IFERROR(VLOOKUP(A13,MATERIALES!$B:$G,6,FALSE),0) -> 0
... A27: 1798982 | B27: =IFERROR(VLOOKUP(A27,MATERIALES!$B:$I,2,FALSE),"") -> SEMICODO 45° 8" TUBERIA PEAD | C27: PZA | D27: =SUMIF(ENTRADAS!$C:$C,A27,ENTRADAS!$D:$D) -> 0 | E27: =SUMIF(CONSUMOS!$C:$C,A27,CONSUMOS!$D:$D) -> 0 | F27: =SUMIFS(AJUSTES!$E:$E,AJUSTES!$C:$C,A27,AJUSTES!$D:$D,"ENTRADA")-SUMIFS(AJUSTES!$E:$E,AJUSTES!$C:$C,A27,AJUSTES!$D:$D,"SALIDA") -> 0 | G27: =D27-E27+F27 -> 0 | H27: =IFERROR(VLOOKUP(A27,MATERIALES!$B:$I,7,FALSE),0) -> 0 | I27: =IF(G27<=0,"AGOTADO",IF(G27<=H27,"STOCK BAJO","OK")) -> AGOTADO | J27: =G27*IFERROR(VLOOKUP(A27,MATERIALES!$B:$G,6,FALSE),0) -> 0

Sheet LEEME
A1: CONTROL DE INVENTARIO - ESTRUCTURA PARA LA APLICACIÓN
A3: MATERIALES | B3: Catálogo maestro. Se consulta para seleccionar materiales.
A4: HACIENDAS | B4: Catálogo de haciendas.
A5: USUARIOS | B5: Personas autorizadas a registrar movimientos.
A6: ENTRADAS | B6: Cada recepción de material genera una nueva fila.
A7: CONSUMOS | B7: Cada salida/consumo genera una nueva fila.
A8: AJUSTES | B8: Correcciones, pérdidas, deterioro o conteos físicos.
A9: INVENTARIO | B9: Resumen calculado: Entradas - Consumos + Ajustes.
A10: IMPORTANTE | B10: No escribir manualmente el stock. La aplicación lo calculará.
